,Feature1,Feature2,Feature3,Feature4,Feature5,Feature6,Feature7,Target
0,763.0,0.765,0.722,0.988,0.884,0.00176,0.995,6
1,694.0,0.595,0.77,0.992,0.955,0.00262,0.999,5
2,608.0,0.766,0.701,0.987,0.895,0.00219,0.994,3
3,646.0,0.741,0.719,0.988,0.91,0.0022,0.998,3
4,702.0,0.778,0.795,0.989,0.9,0.00183,0.995,3
5,1010.0,0.811,0.795,0.992,0.86,0.00117,0.996,2
6,734.0,0.778,0.686,0.983,0.895,0.00175,0.993,6
7,839.0,0.782,0.69,0.99,0.887,0.00153,0.998,6
8,777.0,0.782,0.819,0.987,0.871,0.00166,0.994,6
9,656.0,0.753,0.718,0.987,0.896,0.00211,0.996,3
10,1100.0,0.797,0.736,0.986,0.821,0.00116,0.998,0
11,645.0,0.667,0.825,0.992,0.952,0.00251,0.997,3
12,674.0,0.76,0.713,0.99,0.915,0.002,0.999,3
13,1090.0,0.819,0.761,0.99,0.85,0.00105,0.993,2
14,717.0,0.826,0.799,0.986,0.831,0.00159,0.997,4
15,634.0,0.718,0.773,0.989,0.915,0.00235,0.997,3
16,1010.0,0.748,0.744,0.989,0.85,0.00143,0.996,0
17,636.0,0.77,0.705,0.985,0.88,0.0021,0.997,3
18,952.0,0.87,0.8,0.991,0.822,0.000984,0.995,4
19,696.0,0.757,0.726,0.987,0.88,0.00199,0.997,3
20,1270.0,0.852,0.754,0.965,0.791,0.000793,0.972,2
21,636.0,0.702,0.727,0.987,0.908,0.00244,0.997,3
22,1020.0,0.862,0.778,0.984,0.767,0.000987,0.991,4
23,596.0,0.681,0.743,0.99,0.954,0.00265,0.998,3
24,588.0,0.731,0.745,0.987,0.918,0.00246,0.998,3
25,743.0,0.769,0.688,0.99,0.882,0.00179,0.995,6
26,680.0,0.608,0.758,0.991,0.952,0.00263,0.999,5
27,941.0,0.778,0.783,0.981,0.82,0.00143,0.996,0
28,611.0,0.694,0.747,0.986,0.923,0.00256,0.998,3
29,699.0,0.575,0.755,0.988,0.918,0.00272,0.999,5
30,1480.0,0.73,0.766,0.992,0.9,0.000986,0.995,1
31,718.0,0.734,0.735,0.99,0.911,0.002,0.993,6
32,736.0,0.601,0.774,0.993,0.969,0.00243,0.999,5
33,831.0,0.805,0.686,0.99,0.86,0.00146,0.998,6
34,628.0,0.72,0.766,0.988,0.93,0.00235,0.998,3
35,1080.0,0.805,0.776,0.985,0.863,0.0011,0.988,2
36,702.0,0.753,0.735,0.991,0.915,0.00196,0.999,3
37,944.0,0.769,0.789,0.992,0.899,0.0014,0.998,0
38,1130.0,0.766,0.796,0.98,0.786,0.00125,0.994,0
39,590.0,0.733,0.738,0.988,0.907,0.00244,0.993,3
40,720.0,0.441,0.764,0.99,0.944,0.00299,0.999,5
41,626.0,0.75,0.707,0.989,0.898,0.00223,0.996,3
42,1030.0,0.772,0.697,0.985,0.801,0.00136,0.997,0
43,606.0,0.789,0.695,0.988,0.889,0.00207,0.996,3
44,741.0,0.732,0.757,0.99,0.924,0.00194,0.999,3
45,844.0,0.787,0.776,0.991,0.887,0.0015,0.998,6
46,1030.0,0.871,0.628,0.989,0.802,0.000912,0.995,4
47,832.0,0.855,0.694,0.988,0.811,0.00122,0.997,4
48,670.0,0.793,0.768,0.99,0.897,0.00184,0.998,3
49,1030.0,0.816,0.738,0.988,0.845,0.00113,0.993,2
50,683.0,0.627,0.781,0.99,0.949,0.00255,1.0,5
51,1120.0,0.84,0.758,0.982,0.841,0.00094,0.989,2
52,619.0,0.74,0.705,0.986,0.901,0.0023,0.996,3
53,691.0,0.6,0.753,0.99,0.939,0.00263,0.999,5
54,762.0,0.697,0.812,0.991,0.931,0.00203,0.996,6
55,1030.0,0.849,0.745,0.986,0.801,0.00102,0.995,4
56,709.0,0.575,0.754,0.99,0.919,0.00267,0.997,5
57,798.0,0.801,0.798,0.987,0.856,0.00154,0.996,6
58,768.0,0.647,0.758,0.989,0.926,0.00222,0.999,5
59,680.0,0.683,0.794,0.989,0.934,0.00234,0.999,3
60,606.0,0.729,0.71,0.988,0.926,0.00239,0.998,3
61,828.0,0.668,0.785,0.99,0.923,0.00198,0.998,5
62,741.0,0.756,0.734,0.989,0.905,0.00184,0.997,3
63,1070.0,0.807,0.783,0.99,0.867,0.00111,0.992,2
64,931.0,0.886,0.838,0.986,0.797,0.000923,0.992,4
65,718.0,0.596,0.753,0.99,0.941,0.00254,0.999,5
66,942.0,0.794,0.695,0.989,0.851,0.00133,0.993,0
67,972.0,0.775,0.764,0.984,0.795,0.00143,0.998,0
68,762.0,0.827,0.655,0.989,0.847,0.00148,0.999,6
69,1610.0,0.701,0.814,0.99,0.884,0.000973,0.994,1
70,921.0,0.804,0.686,0.981,0.858,0.00131,0.991,6
71,1110.0,0.833,0.737,0.987,0.83,0.000998,0.993,2
72,793.0,0.674,0.76,0.984,0.833,0.00215,0.998,5
73,723.0,0.781,0.716,0.988,0.886,0.00179,0.998,3
74,704.0,0.728,0.82,0.989,0.908,0.00208,0.997,3
75,597.0,0.699,0.726,0.987,0.908,0.00261,0.998,3
76,1020.0,0.824,0.768,0.969,0.832,0.00109,0.977,2
77,1020.0,0.744,0.771,0.988,0.858,0.00142,0.996,0
78,1140.0,0.731,0.747,0.977,0.732,0.00141,0.995,0
79,630.0,0.787,0.757,0.987,0.899,0.00198,0.994,3
80,698.0,0.413,0.793,0.989,0.954,0.00314,0.999,5
81,786.0,0.695,0.737,0.987,0.907,0.002,0.995,6
82,1590.0,0.822,0.814,0.987,0.837,0.000723,0.993,1
83,750.0,0.725,0.709,0.985,0.877,0.002,0.997,6
84,673.0,0.568,0.778,0.991,0.959,0.00279,0.999,5
85,1010.0,0.651,0.792,0.985,0.837,0.00176,0.996,0
86,761.0,0.759,0.704,0.989,0.905,0.00178,0.998,6
87,809.0,0.781,0.789,0.99,0.885,0.00159,0.998,6
88,870.0,0.77,0.671,0.99,0.875,0.00153,0.993,6
89,788.0,0.758,0.757,0.989,0.901,0.00173,0.996,6
90,1030.0,0.782,0.71,0.974,0.749,0.00135,0.997,0
91,816.0,0.879,0.728,0.989,0.808,0.0011,0.997,4
92,677.0,0.712,0.747,0.987,0.901,0.00223,0.992,3
93,776.0,0.737,0.706,0.99,0.913,0.00184,0.997,6
94,978.0,0.878,0.625,0.988,0.771,0.000948,0.997,4
95,1220.0,0.782,0.811,0.981,0.799,0.00111,0.993,0
96,837.0,0.874,0.823,0.987,0.787,0.00111,0.994,4
97,1600.0,0.789,0.797,0.98,0.848,0.000793,0.989,1
98,827.0,0.814,0.768,0.988,0.88,0.0014,0.997,6
99,831.0,0.764,0.814,0.992,0.904,0.00161,0.998,6
100,716.0,0.461,0.796,0.993,0.978,0.0029,0.998,5
101,697.0,0.532,0.771,0.991,0.951,0.00282,0.999,5
102,1150.0,0.836,0.701,0.98,0.83,0.000938,0.985,2
103,712.0,0.734,0.801,0.991,0.92,0.00201,0.996,3
104,1000.0,0.818,0.769,0.989,0.85,0.00116,0.995,2
105,744.0,0.814,0.672,0.985,0.855,0.00158,0.995,6
106,801.0,0.789,0.735,0.988,0.889,0.00157,0.997,6
107,650.0,0.749,0.713,0.988,0.901,0.00214,0.997,3
108,821.0,0.782,0.732,0.985,0.876,0.00157,0.996,6
109,749.0,0.788,0.688,0.987,0.865,0.0017,0.995,3
110,1570.0,0.806,0.797,0.978,0.823,0.000769,0.984,1
111,930.0,0.876,0.621,0.991,0.803,0.00099,0.999,4
112,690.0,0.603,0.77,0.988,0.921,0.00265,0.998,5
113,713.0,0.66,0.748,0.99,0.936,0.00232,0.999,5
114,672.0,0.785,0.686,0.988,0.899,0.00188,0.998,3
115,662.0,0.703,0.732,0.987,0.926,0.00231,0.998,3
116,666.0,0.683,0.732,0.991,0.944,0.00237,0.998,3
117,768.0,0.773,0.698,0.987,0.889,0.00171,0.996,6
118,760.0,0.582,0.796,0.992,0.956,0.00243,0.998,5
119,723.0,0.608,0.769,0.988,0.917,0.00252,0.998,5
120,1540.0,0.757,0.751,0.986,0.894,0.000882,0.992,1
121,589.0,0.749,0.774,0.987,0.915,0.00236,0.999,3
122,1600.0,0.757,0.788,0.991,0.896,0.000856,0.995,1
123,803.0,0.801,0.706,0.988,0.872,0.00151,0.995,6
124,967.0,0.809,0.76,0.981,0.865,0.00121,0.986,2
125,627.0,0.813,0.677,0.989,0.877,0.00186,0.997,3
126,767.0,0.736,0.712,0.989,0.909,0.00187,0.997,6
127,990.0,0.855,0.674,0.977,0.723,0.00109,0.994,4
128,604.0,0.648,0.811,0.987,0.924,0.00282,0.997,3
129,681.0,0.657,0.783,0.992,0.952,0.00243,0.999,5
130,1070.0,0.848,0.798,0.99,0.812,0.00099,0.998,2
131,693.0,0.72,0.766,0.988,0.918,0.00214,0.997,3
132,806.0,0.768,0.794,0.989,0.893,0.00165,0.997,6
133,688.0,0.613,0.776,0.991,0.949,0.00258,0.999,5
134,939.0,0.89,0.651,0.985,0.764,0.000914,0.991,4
135,716.0,0.593,0.758,0.989,0.937,0.00256,0.997,5
136,634.0,0.756,0.796,0.988,0.911,0.00215,0.998,3
137,799.0,0.797,0.775,0.989,0.879,0.00154,0.997,6
138,692.0,0.724,0.707,0.987,0.902,0.00214,0.997,3
139,840.0,0.785,0.721,0.991,0.876,0.00152,0.995,6
140,925.0,0.763,0.719,0.982,0.813,0.00153,0.999,0
141,672.0,0.486,0.778,0.986,0.917,0.00313,0.999,5
142,808.0,0.778,0.712,0.988,0.876,0.00162,0.997,6
143,925.0,0.879,0.81,0.99,0.81,0.000965,0.991,4
144,932.0,0.743,0.7,0.987,0.853,0.00156,0.995,0
145,678.0,0.584,0.768,0.991,0.96,0.00271,0.998,5
146,764.0,0.741,0.786,0.99,0.913,0.00185,0.998,6
147,855.0,0.885,0.794,0.991,0.807,0.00101,0.997,4
148,715.0,0.641,0.794,0.993,0.963,0.00236,0.999,5
149,1440.0,0.75,0.824,0.992,0.886,0.000972,0.997,1
150,819.0,0.808,0.787,0.985,0.847,0.00147,0.998,6
151,796.0,0.632,0.775,0.992,0.952,0.00216,0.998,5
152,629.0,0.693,0.735,0.988,0.921,0.00249,0.996,3
153,1060.0,0.831,0.803,0.983,0.844,0.00103,0.988,2
154,814.0,0.799,0.741,0.991,0.874,0.0015,0.995,6
155,843.0,0.756,0.813,0.99,0.905,0.00162,0.995,6
156,1070.0,0.831,0.797,0.983,0.845,0.00103,0.99,2
157,1060.0,0.832,0.732,0.982,0.846,0.00103,0.993,2
158,809.0,0.736,0.713,0.991,0.91,0.00177,0.997,6
159,703.0,0.529,0.774,0.99,0.953,0.00281,0.999,5
160,1020.0,0.624,0.79,0.987,0.863,0.00179,0.997,0
161,846.0,0.737,0.815,0.984,0.837,0.00176,0.997,6
162,1120.0,0.737,0.709,0.975,0.766,0.00139,0.993,0
163,721.0,0.542,0.787,0.99,0.946,0.0027,0.998,5
164,845.0,0.785,0.775,0.99,0.892,0.0015,0.996,6
165,799.0,0.596,0.757,0.992,0.947,0.00228,0.999,5
166,879.0,0.799,0.79,0.985,0.865,0.00139,0.993,6
167,782.0,0.772,0.803,0.984,0.875,0.00169,0.992,6
168,646.0,0.695,0.755,0.991,0.941,0.00239,0.997,3
169,706.0,0.561,0.753,0.991,0.964,0.00268,0.999,5
170,800.0,0.708,0.772,0.989,0.924,0.0019,0.997,6
171,686.0,0.787,0.7,0.985,0.875,0.00185,0.996,3
172,760.0,0.77,0.701,0.983,0.866,0.00177,0.996,6
173,591.0,0.701,0.702,0.984,0.916,0.00261,0.994,3
174,693.0,0.609,0.757,0.993,0.964,0.00256,0.998,5
175,642.0,0.546,0.776,0.992,0.968,0.00299,0.999,5
176,762.0,0.741,0.734,0.984,0.87,0.00189,0.994,6
177,1070.0,0.806,0.761,0.977,0.848,0.00112,0.988,2
178,720.0,0.758,0.73,0.985,0.88,0.00189,0.989,6
179,874.0,0.874,0.707,0.984,0.774,0.00107,0.992,4
180,998.0,0.728,0.731,0.984,0.812,0.00155,0.996,0
181,753.0,0.766,0.796,0.99,0.895,0.00178,0.997,6
182,1030.0,0.745,0.723,0.983,0.804,0.00145,0.998,0
183,903.0,0.89,0.59,0.988,0.784,0.000941,0.996,4
184,982.0,0.879,0.804,0.991,0.803,0.000914,0.994,4
185,715.0,0.62,0.769,0.992,0.959,0.00244,0.998,5
186,797.0,0.688,0.726,0.988,0.924,0.00199,0.998,6
187,1070.0,0.74,0.709,0.982,0.79,0.00142,0.992,0
188,716.0,0.567,0.751,0.99,0.944,0.00265,0.998,5
189,718.0,0.8,0.774,0.989,0.887,0.00168,0.996,3
190,884.0,0.866,0.796,0.988,0.821,0.00107,0.993,4
191,807.0,0.802,0.737,0.988,0.878,0.0015,0.998,6
192,711.0,0.782,0.753,0.986,0.89,0.0018,0.998,3
193,1020.0,0.891,0.678,0.987,0.735,0.000859,0.998,4
194,735.0,0.794,0.703,0.99,0.887,0.00168,0.996,3
195,1050.0,0.874,0.717,0.988,0.778,0.000895,0.992,4
196,618.0,0.767,0.722,0.984,0.877,0.00218,0.998,3
197,700.0,0.491,0.786,0.992,0.971,0.00291,0.999,5
198,970.0,0.784,0.688,0.987,0.813,0.00137,0.996,0
199,709.0,0.649,0.785,0.992,0.948,0.00237,0.999,5
200,1020.0,0.844,0.717,0.985,0.793,0.00105,0.991,4
201,651.0,0.765,0.786,0.99,0.903,0.00205,0.997,3
202,1010.0,0.872,0.627,0.984,0.768,0.000945,0.992,4
203,1040.0,0.855,0.793,0.985,0.819,0.000972,0.992,4
204,681.0,0.778,0.799,0.99,0.902,0.00189,0.997,3
205,778.0,0.743,0.768,0.987,0.885,0.00184,0.997,6
206,1200.0,0.811,0.74,0.978,0.681,0.00111,0.996,0
207,662.0,0.647,0.808,0.988,0.946,0.00254,0.997,5
208,697.0,0.557,0.796,0.993,0.978,0.00271,0.999,5
209,686.0,0.578,0.766,0.991,0.958,0.0027,0.999,5
210,779.0,0.755,0.696,0.992,0.924,0.00174,0.998,6
211,714.0,0.618,0.768,0.991,0.954,0.00246,0.999,5
212,956.0,0.895,0.613,0.985,0.762,0.000874,0.995,4
213,1060.0,0.726,0.732,0.981,0.791,0.00149,0.998,0
214,1020.0,0.828,0.758,0.983,0.778,0.00115,0.997,0
215,997.0,0.822,0.704,0.984,0.847,0.00114,0.992,2
216,732.0,0.607,0.804,0.99,0.946,0.00244,0.996,5
217,762.0,0.757,0.761,0.988,0.885,0.00181,0.997,6
218,923.0,0.837,0.672,0.988,0.827,0.00118,0.996,4
219,1600.0,0.788,0.816,0.984,0.848,0.000802,0.993,1
220,920.0,0.767,0.697,0.983,0.791,0.00155,0.997,0
221,708.0,0.743,0.805,0.988,0.92,0.00198,0.997,3
222,856.0,0.801,0.762,0.984,0.859,0.00142,0.993,6
223,987.0,0.876,0.823,0.985,0.765,0.000944,0.992,4
224,809.0,0.776,0.745,0.989,0.888,0.00161,0.996,6
225,1060.0,0.832,0.806,0.988,0.817,0.00106,0.997,2
226,740.0,0.557,0.769,0.989,0.928,0.00262,0.999,5
227,749.0,0.661,0.767,0.987,0.882,0.00227,0.998,5
228,929.0,0.884,0.699,0.99,0.785,0.000955,0.996,4
229,779.0,0.48,0.791,0.985,0.846,0.00281,0.995,5
230,1040.0,0.821,0.705,0.978,0.831,0.0011,0.989,2
231,1210.0,0.825,0.811,0.99,0.853,0.000927,0.992,2
232,697.0,0.602,0.756,0.987,0.919,0.00263,0.999,5
233,679.0,0.821,0.676,0.992,0.887,0.00165,0.996,3
234,731.0,0.712,0.751,0.989,0.913,0.00207,0.999,3
235,962.0,0.901,0.773,0.992,0.782,0.000822,0.995,4
236,830.0,0.775,0.72,0.989,0.853,0.0016,0.994,6
237,1170.0,0.847,0.668,0.99,0.824,0.000895,0.993,2
238,695.0,0.632,0.779,0.991,0.952,0.00248,0.999,5
239,1120.0,0.814,0.789,0.984,0.76,0.00111,0.996,0
240,651.0,0.694,0.781,0.99,0.935,0.00238,0.997,3
241,755.0,0.796,0.68,0.986,0.873,0.00164,0.998,3
242,982.0,0.862,0.821,0.989,0.826,0.000989,0.995,4
243,614.0,0.78,0.736,0.988,0.904,0.00208,0.997,3
244,884.0,0.865,0.777,0.983,0.807,0.00109,0.989,4
245,635.0,0.76,0.745,0.988,0.913,0.00213,0.999,3
246,661.0,0.79,0.782,0.989,0.901,0.00188,0.997,3
247,975.0,0.868,0.762,0.987,0.785,0.000996,0.997,4
248,1060.0,0.834,0.804,0.991,0.855,0.00102,0.995,2
249,719.0,0.777,0.795,0.99,0.903,0.0018,0.997,3
250,714.0,0.524,0.787,0.991,0.956,0.00277,0.999,5
251,1000.0,0.868,0.741,0.991,0.828,0.000943,0.997,4
252,1120.0,0.771,0.822,0.983,0.767,0.00125,0.991,0
253,1040.0,0.751,0.759,0.985,0.815,0.00141,0.996,0
254,620.0,0.73,0.721,0.991,0.934,0.00232,0.999,3
255,1030.0,0.765,0.779,0.981,0.806,0.00136,0.994,0
256,1560.0,0.808,0.803,0.979,0.81,0.000776,0.985,1
257,1370.0,0.71,0.772,0.993,0.903,0.00111,0.997,1
258,773.0,0.839,0.802,0.983,0.788,0.00142,0.988,6
259,681.0,0.745,0.737,0.991,0.93,0.00204,0.997,3
260,806.0,0.745,0.806,0.989,0.914,0.00173,0.995,6
261,1560.0,0.824,0.8,0.985,0.838,0.000728,0.99,1
262,799.0,0.794,0.733,0.989,0.863,0.00157,0.998,6
263,735.0,0.704,0.716,0.986,0.905,0.0021,0.997,3
264,736.0,0.676,0.736,0.988,0.916,0.00221,0.998,3
265,630.0,0.784,0.758,0.989,0.882,0.00203,0.999,3
266,680.0,0.476,0.793,0.989,0.948,0.00307,0.999,5
267,747.0,0.588,0.788,0.992,0.958,0.00245,0.999,5
268,996.0,0.86,0.704,0.983,0.78,0.00101,0.99,4
269,1080.0,0.777,0.808,0.991,0.865,0.00122,0.997,2
270,674.0,0.7,0.78,0.981,0.836,0.0024,0.996,3
271,706.0,0.746,0.778,0.989,0.911,0.00198,0.997,3
272,737.0,0.727,0.758,0.99,0.919,0.00198,0.998,3
273,864.0,0.782,0.692,0.989,0.867,0.0015,0.995,6
274,708.0,0.814,0.634,0.99,0.863,0.00163,0.987,3
275,803.0,0.819,0.682,0.985,0.817,0.00147,0.996,6
276,680.0,0.531,0.771,0.992,0.975,0.00287,0.999,5
277,861.0,0.809,0.776,0.988,0.861,0.00138,0.995,6
278,740.0,0.711,0.761,0.989,0.908,0.00205,0.997,3
279,967.0,0.896,0.59,0.989,0.777,0.000855,0.997,4
280,851.0,0.832,0.794,0.989,0.843,0.00129,0.994,6
281,676.0,0.742,0.711,0.989,0.915,0.00209,0.999,3
282,1010.0,0.804,0.777,0.988,0.857,0.0012,0.995,2
283,1530.0,0.763,0.795,0.986,0.885,0.000878,0.991,1
284,1090.0,0.844,0.709,0.985,0.819,0.000967,0.988,2
285,721.0,0.783,0.722,0.992,0.909,0.00175,0.998,3
286,697.0,0.619,0.812,0.99,0.944,0.00252,0.996,3
287,774.0,0.771,0.8,0.989,0.901,0.0017,0.998,6
288,585.0,0.735,0.708,0.987,0.92,0.00245,0.998,3
289,873.0,0.713,0.787,0.991,0.932,0.00171,0.997,6
290,750.0,0.739,0.716,0.973,0.739,0.0021,0.996,3
291,743.0,0.74,0.809,0.988,0.915,0.0019,0.996,3
292,763.0,0.677,0.764,0.992,0.948,0.0021,0.999,5
293,686.0,0.574,0.79,0.988,0.942,0.00273,0.998,5
294,733.0,0.689,0.714,0.987,0.892,0.00219,0.998,3
295,806.0,0.86,0.781,0.984,0.82,0.0012,0.984,4
296,703.0,0.786,0.676,0.989,0.893,0.00179,0.993,3
297,1050.0,0.811,0.772,0.988,0.851,0.00112,0.991,2
298,776.0,0.746,0.714,0.988,0.872,0.00185,0.999,6
299,781.0,0.741,0.789,0.988,0.898,0.00182,0.994,6
300,1150.0,0.805,0.771,0.981,0.789,0.0011,0.997,0
301,694.0,0.701,0.777,0.991,0.939,0.0022,0.998,3
302,814.0,0.778,0.699,0.985,0.856,0.00162,0.998,6
303,607.0,0.734,0.802,0.99,0.934,0.00235,0.998,3
304,600.0,0.739,0.738,0.988,0.916,0.00237,0.997,3
305,1060.0,0.675,0.749,0.976,0.769,0.00167,0.994,0
306,1190.0,0.754,0.748,0.979,0.742,0.00128,0.998,0
307,699.0,0.557,0.747,0.992,0.967,0.00271,0.998,5
308,1030.0,0.831,0.769,0.991,0.831,0.00108,0.994,2
309,954.0,0.777,0.739,0.99,0.876,0.00137,0.994,2
310,637.0,0.728,0.765,0.988,0.925,0.00228,0.996,3
311,899.0,0.828,0.825,0.986,0.831,0.00125,0.993,4
312,672.0,0.696,0.804,0.986,0.879,0.00238,0.998,3
313,1090.0,0.834,0.753,0.979,0.838,0.000991,0.982,2
314,769.0,0.577,0.795,0.994,0.977,0.00239,0.998,5
315,1100.0,0.753,0.8,0.985,0.789,0.00133,0.995,0
316,769.0,0.749,0.772,0.988,0.894,0.00181,0.993,6
317,1020.0,0.78,0.704,0.986,0.816,0.00133,0.998,0
318,1130.0,0.728,0.774,0.986,0.829,0.00136,0.998,0
319,750.0,0.729,0.763,0.991,0.918,0.00192,0.994,6
320,1660.0,0.789,0.765,0.987,0.846,0.000765,0.99,1
321,666.0,0.772,0.801,0.987,0.892,0.00197,0.995,3
322,917.0,0.875,0.704,0.985,0.796,0.000997,0.99,4
323,646.0,0.77,0.809,0.989,0.909,0.00203,0.997,3
324,1060.0,0.785,0.726,0.984,0.803,0.00126,0.998,0
325,619.0,0.758,0.792,0.988,0.911,0.00219,0.997,3
326,1070.0,0.833,0.786,0.974,0.824,0.00101,0.982,2
327,576.0,0.739,0.763,0.986,0.929,0.00245,0.996,3
328,1040.0,0.825,0.666,0.99,0.844,0.00108,0.992,2
329,698.0,0.62,0.786,0.989,0.938,0.00252,0.996,3
330,1050.0,0.806,0.732,0.989,0.861,0.00114,0.993,2
331,1080.0,0.798,0.798,0.988,0.881,0.00113,0.993,2
332,1040.0,0.809,0.809,0.971,0.827,0.00114,0.981,2
333,744.0,0.732,0.77,0.987,0.882,0.00198,0.996,6
334,694.0,0.576,0.794,0.991,0.962,0.00268,0.999,5
335,888.0,0.827,0.738,0.984,0.835,0.00126,0.99,6
336,1040.0,0.811,0.784,0.985,0.86,0.00113,0.99,2
337,1010.0,0.764,0.746,0.985,0.771,0.00144,0.998,0
338,683.0,0.728,0.8,0.988,0.905,0.00215,0.997,3
339,938.0,0.879,0.817,0.987,0.8,0.000962,0.996,4
340,1150.0,0.808,0.719,0.987,0.799,0.00108,0.997,0
341,761.0,0.711,0.809,0.989,0.908,0.002,0.998,6
342,864.0,0.874,0.747,0.986,0.809,0.00106,0.991,4
343,725.0,0.658,0.753,0.989,0.942,0.00228,0.998,5
344,708.0,0.737,0.708,0.984,0.889,0.00202,0.99,3
345,921.0,0.779,0.714,0.99,0.881,0.00141,0.995,6
346,965.0,0.874,0.698,0.988,0.767,0.000984,0.998,4
347,1090.0,0.838,0.779,0.991,0.863,0.000978,0.995,2
348,851.0,0.89,0.687,0.987,0.788,0.001,0.997,4
349,660.0,0.722,0.759,0.987,0.917,0.00224,0.998,3
350,723.0,0.713,0.713,0.991,0.91,0.00209,0.998,3
351,923.0,0.893,0.578,0.982,0.732,0.000925,0.987,4
352,850.0,0.882,0.578,0.987,0.777,0.00105,0.99,4
353,1130.0,0.752,0.831,0.982,0.747,0.00134,0.993,0
354,701.0,0.8,0.706,0.989,0.887,0.00173,0.997,3
355,979.0,0.81,0.752,0.988,0.835,0.00123,0.994,0
356,662.0,0.736,0.716,0.988,0.915,0.00216,0.998,3
357,985.0,0.886,0.713,0.988,0.776,0.00089,0.995,4
358,744.0,0.735,0.726,0.982,0.898,0.00194,0.995,3
359,1010.0,0.827,0.723,0.97,0.841,0.00108,0.976,2
360,811.0,0.754,0.761,0.99,0.911,0.00169,0.997,6
361,1100.0,0.832,0.65,0.987,0.828,0.001,0.991,2
362,857.0,0.83,0.727,0.984,0.823,0.00131,0.993,4
363,663.0,0.761,0.782,0.99,0.918,0.00202,0.997,3
364,943.0,0.846,0.771,0.986,0.811,0.00112,0.994,4
365,1050.0,0.787,0.799,0.985,0.811,0.00126,0.995,0
366,678.0,0.684,0.758,0.988,0.943,0.00233,0.998,3
367,772.0,0.749,0.788,0.982,0.828,0.00188,0.996,0
368,700.0,0.565,0.795,0.992,0.973,0.00267,0.998,5
369,594.0,0.757,0.693,0.991,0.911,0.00228,0.995,3
370,1050.0,0.818,0.759,0.988,0.866,0.00109,0.992,2
371,831.0,0.818,0.696,0.984,0.854,0.00138,0.989,6
372,683.0,0.738,0.764,0.989,0.923,0.00208,0.998,3
373,923.0,0.835,0.816,0.99,0.837,0.00118,0.994,4
374,974.0,0.893,0.744,0.973,0.617,0.00096,0.989,4
375,829.0,0.8,0.683,0.982,0.812,0.00153,0.996,6
376,1130.0,0.718,0.804,0.986,0.838,0.00138,0.995,0
377,775.0,0.763,0.712,0.989,0.883,0.00176,0.999,6
378,703.0,0.587,0.815,0.99,0.951,0.00261,0.996,5
379,839.0,0.746,0.712,0.987,0.862,0.00171,0.994,6
380,737.0,0.765,0.689,0.973,0.732,0.00201,0.996,3
381,735.0,0.597,0.763,0.991,0.955,0.00246,0.999,5
382,776.0,0.793,0.782,0.991,0.887,0.0016,0.996,6
383,682.0,0.62,0.783,0.99,0.949,0.00258,0.999,5
384,1030.0,0.75,0.732,0.988,0.868,0.00137,0.992,0
385,658.0,0.757,0.733,0.982,0.83,0.00217,0.998,3
386,815.0,0.781,0.685,0.979,0.839,0.00161,0.991,6
387,784.0,0.76,0.8,0.99,0.909,0.00172,0.997,6
388,931.0,0.851,0.721,0.983,0.802,0.00111,0.99,4
389,697.0,0.724,0.731,0.99,0.932,0.0021,0.999,3
390,1060.0,0.807,0.802,0.976,0.834,0.00113,0.986,2
391,775.0,0.795,0.796,0.987,0.871,0.0016,0.997,6
392,1120.0,0.842,0.74,0.984,0.833,0.000944,0.989,2
393,792.0,0.761,0.753,0.989,0.907,0.0017,0.996,6
394,872.0,0.803,0.733,0.987,0.856,0.0014,0.996,6
395,708.0,0.726,0.712,0.989,0.924,0.00206,0.997,3
396,1140.0,0.827,0.67,0.985,0.78,0.00103,0.997,2
397,754.0,0.544,0.791,0.989,0.956,0.00257,0.999,5
398,737.0,0.775,0.697,0.99,0.902,0.00177,0.998,3
399,1050.0,0.723,0.766,0.981,0.777,0.00153,0.998,0
400,628.0,0.711,0.769,0.991,0.936,0.00239,0.998,3
401,690.0,0.786,0.781,0.986,0.89,0.00183,0.997,3
402,798.0,0.791,0.765,0.99,0.844,0.0016,0.995,6
403,852.0,0.828,0.647,0.983,0.823,0.00131,0.988,4
404,652.0,0.704,0.754,0.988,0.927,0.00234,0.996,3
405,741.0,0.695,0.764,0.986,0.914,0.00211,0.996,3
406,714.0,0.597,0.79,0.99,0.938,0.00256,0.999,5
407,734.0,0.612,0.792,0.991,0.944,0.00242,0.997,5
408,765.0,0.712,0.721,0.99,0.916,0.00198,0.997,6
409,1040.0,0.791,0.737,0.991,0.885,0.0012,0.997,2
410,1050.0,0.79,0.767,0.977,0.758,0.00129,0.998,0
411,669.0,0.741,0.782,0.984,0.905,0.00211,0.991,3
412,703.0,0.788,0.723,0.988,0.886,0.00179,0.998,3
413,698.0,0.594,0.779,0.99,0.946,0.00262,0.998,5
414,701.0,0.76,0.702,0.989,0.9,0.00193,0.997,3
415,1520.0,0.748,0.731,0.987,0.883,0.000928,0.997,1
416,672.0,0.678,0.778,0.991,0.936,0.00238,0.996,3
417,715.0,0.768,0.757,0.989,0.888,0.00187,0.997,3
418,682.0,0.78,0.684,0.987,0.889,0.00189,0.998,3
419,755.0,0.519,0.771,0.991,0.963,0.00263,0.999,5
420,812.0,0.726,0.684,0.988,0.886,0.00183,0.994,6
421,987.0,0.875,0.609,0.984,0.768,0.000951,0.994,4
422,1080.0,0.743,0.794,0.982,0.76,0.00143,0.999,0
423,649.0,0.761,0.706,0.988,0.907,0.00208,0.997,3
424,686.0,0.743,0.714,0.988,0.915,0.00205,0.998,3
425,666.0,0.722,0.745,0.985,0.891,0.00225,0.997,3
426,878.0,0.814,0.675,0.978,0.855,0.00131,0.982,4
427,706.0,0.72,0.779,0.988,0.923,0.00209,0.998,3
428,1630.0,0.832,0.81,0.984,0.834,0.000674,0.991,1
429,914.0,0.865,0.633,0.988,0.793,0.00107,0.997,4
430,637.0,0.796,0.81,0.989,0.898,0.00191,0.995,3
431,890.0,0.86,0.723,0.983,0.797,0.00112,0.992,4
432,774.0,0.848,0.658,0.988,0.841,0.00133,0.996,4
433,1020.0,0.79,0.818,0.991,0.881,0.00122,0.993,2
434,727.0,0.765,0.729,0.984,0.847,0.00189,0.994,3
435,936.0,0.881,0.6,0.986,0.783,0.00096,0.993,4
436,707.0,0.701,0.77,0.99,0.929,0.00217,0.998,3
437,959.0,0.873,0.706,0.989,0.817,0.000967,0.998,4
438,772.0,0.539,0.787,0.99,0.937,0.00254,0.997,5
439,622.0,0.699,0.736,0.989,0.934,0.00247,0.997,3
440,954.0,0.742,0.772,0.981,0.802,0.00157,0.995,0
441,1580.0,0.785,0.684,0.989,0.85,0.000816,0.993,1
442,678.0,0.557,0.794,0.992,0.968,0.0028,0.999,5
443,993.0,0.811,0.761,0.98,0.75,0.00128,0.997,0
444,531.0,0.674,0.726,0.989,0.952,0.00302,0.998,3
445,977.0,0.89,0.747,0.99,0.789,0.000865,0.991,4
446,821.0,0.807,0.741,0.989,0.871,0.00145,0.995,6
447,953.0,0.779,0.764,0.984,0.826,0.00138,0.985,0
448,686.0,0.71,0.718,0.991,0.927,0.0022,0.998,3
449,813.0,0.818,0.706,0.988,0.859,0.00142,0.997,6
450,795.0,0.703,0.74,0.987,0.908,0.00193,0.99,6
451,752.0,0.791,0.808,0.987,0.894,0.00165,0.994,6
452,745.0,0.711,0.738,0.99,0.921,0.00203,0.998,3
453,1080.0,0.745,0.736,0.98,0.73,0.00145,0.994,0
454,740.0,0.701,0.785,0.991,0.93,0.00207,0.996,3
455,644.0,0.686,0.784,0.99,0.932,0.00245,0.997,3
456,558.0,0.695,0.72,0.987,0.895,0.0028,0.989,3
457,680.0,0.759,0.763,0.981,0.894,0.00199,0.992,3
458,704.0,0.622,0.779,0.994,0.969,0.00246,0.999,5
459,781.0,0.748,0.703,0.99,0.888,0.0018,0.996,6
460,702.0,0.72,0.786,0.99,0.927,0.0021,0.998,3
461,763.0,0.765,0.769,0.989,0.907,0.00174,0.996,6
462,847.0,0.821,0.768,0.991,0.877,0.00134,0.997,6
463,797.0,0.826,0.757,0.983,0.821,0.00143,0.994,6
464,738.0,0.566,0.81,0.988,0.931,0.00259,0.998,5
465,962.0,0.883,0.802,0.989,0.789,0.000921,0.995,4
466,1070.0,0.825,0.799,0.983,0.837,0.00105,0.988,2
467,807.0,0.777,0.814,0.987,0.881,0.00161,0.993,6
468,647.0,0.781,0.756,0.989,0.91,0.00197,0.999,3
469,700.0,0.691,0.755,0.99,0.937,0.00223,0.998,3
470,916.0,0.876,0.678,0.987,0.79,0.001,0.993,4
471,923.0,0.851,0.704,0.989,0.817,0.00111,0.991,4
472,774.0,0.574,0.784,0.99,0.947,0.00243,0.999,5
473,702.0,0.632,0.779,0.989,0.94,0.00247,0.999,5
474,994.0,0.863,0.758,0.979,0.794,0.000985,0.988,4
475,743.0,0.639,0.8,0.992,0.956,0.00229,0.998,5
476,899.0,0.86,0.784,0.988,0.795,0.00112,0.997,4
477,774.0,0.747,0.74,0.988,0.882,0.00183,0.995,6
478,982.0,0.714,0.774,0.99,0.897,0.00154,0.994,0
479,657.0,0.691,0.741,0.99,0.921,0.00239,0.995,3
480,703.0,0.73,0.704,0.987,0.908,0.00207,0.997,3
481,817.0,0.752,0.713,0.99,0.897,0.0017,0.998,6
482,1830.0,0.768,0.752,0.987,0.84,0.000745,0.991,1
483,688.0,0.465,0.784,0.99,0.959,0.00305,0.999,5
484,676.0,0.732,0.798,0.989,0.921,0.00213,0.998,3
485,1110.0,0.812,0.784,0.98,0.739,0.00115,0.997,0
486,732.0,0.724,0.772,0.989,0.914,0.00202,0.999,3
487,991.0,0.795,0.761,0.979,0.837,0.00125,0.983,0
488,718.0,0.773,0.734,0.989,0.903,0.00182,0.997,3
489,707.0,0.614,0.787,0.993,0.956,0.0025,0.999,5
490,551.0,0.716,0.791,0.985,0.941,0.00268,0.997,3
491,990.0,0.767,0.714,0.982,0.828,0.0014,0.997,0
492,1020.0,0.825,0.81,0.988,0.851,0.0011,0.989,2
493,625.0,0.736,0.798,0.99,0.93,0.00227,0.997,3
494,705.0,0.573,0.792,0.993,0.98,0.00262,0.998,5
495,793.0,0.789,0.696,0.988,0.85,0.00162,0.998,6
496,930.0,0.911,0.797,0.99,0.745,0.000808,0.997,4
497,677.0,0.512,0.765,0.991,0.968,0.00294,0.999,5
498,917.0,0.855,0.629,0.985,0.815,0.0011,0.993,4
499,1150.0,0.815,0.812,0.994,0.864,0.00101,0.995,2
500,698.0,0.621,0.786,0.99,0.948,0.00252,0.999,5
501,805.0,0.765,0.785,0.99,0.887,0.00167,0.994,6
502,986.0,0.819,0.793,0.984,0.827,0.00118,0.99,2
503,717.0,0.736,0.706,0.988,0.914,0.00199,0.996,3
504,760.0,0.769,0.777,0.991,0.901,0.00174,0.999,6
505,598.0,0.71,0.771,0.988,0.925,0.00253,0.999,3
506,647.0,0.735,0.759,0.988,0.927,0.0022,0.996,3
507,714.0,0.668,0.786,0.991,0.936,0.00228,0.997,3
508,766.0,0.762,0.775,0.989,0.892,0.00176,0.994,6
509,768.0,0.725,0.721,0.991,0.912,0.00191,0.995,6
510,681.0,0.756,0.715,0.988,0.911,0.002,0.998,3
511,737.0,0.625,0.796,0.989,0.929,0.00239,0.999,5
512,1060.0,0.803,0.764,0.984,0.771,0.00122,0.996,0
513,920.0,0.857,0.65,0.989,0.826,0.00108,0.994,4
514,756.0,0.598,0.751,0.992,0.963,0.00238,0.998,5
515,784.0,0.773,0.713,0.989,0.878,0.00168,0.996,6
516,934.0,0.77,0.709,0.986,0.803,0.0015,0.998,0
517,1090.0,0.703,0.78,0.983,0.806,0.00149,0.993,0
518,658.0,0.493,0.775,0.992,0.975,0.00308,1.0,5
519,740.0,0.745,0.735,0.99,0.926,0.00188,0.997,3
520,764.0,0.755,0.797,0.989,0.901,0.00179,0.993,6
521,688.0,0.475,0.781,0.992,0.972,0.003,0.999,5
522,741.0,0.76,0.723,0.985,0.891,0.00184,0.995,3
523,774.0,0.617,0.773,0.989,0.923,0.00231,1.0,5
524,887.0,0.758,0.713,0.979,0.788,0.00165,0.999,0
525,727.0,0.595,0.762,0.988,0.928,0.00253,0.997,5
526,949.0,0.806,0.799,0.98,0.776,0.00132,0.991,0
527,779.0,0.787,0.678,0.986,0.863,0.00164,0.996,6
528,1130.0,0.844,0.662,0.988,0.849,0.000921,0.991,2
529,1030.0,0.79,0.686,0.978,0.836,0.00123,0.986,0
530,833.0,0.792,0.671,0.991,0.87,0.0015,0.995,6
531,834.0,0.786,0.745,0.977,0.846,0.00153,0.987,6
532,1060.0,0.83,0.749,0.988,0.833,0.00105,0.99,2
533,605.0,0.682,0.749,0.988,0.936,0.00263,0.998,3
534,942.0,0.86,0.759,0.957,0.752,0.00106,0.973,4
535,617.0,0.755,0.763,0.986,0.913,0.00221,0.996,3
536,760.0,0.759,0.726,0.988,0.874,0.00181,0.996,6
537,874.0,0.758,0.769,0.988,0.891,0.00157,0.998,6
538,626.0,0.749,0.77,0.988,0.924,0.0022,0.997,3
539,902.0,0.858,0.804,0.988,0.839,0.0011,0.997,4
540,860.0,0.819,0.668,0.988,0.848,0.00135,0.996,6
541,610.0,0.736,0.804,0.986,0.915,0.00234,0.995,3
542,862.0,0.606,0.754,0.989,0.933,0.00209,0.998,5
543,718.0,0.757,0.781,0.986,0.901,0.00189,0.993,3
544,708.0,0.68,0.749,0.988,0.925,0.00227,0.999,3
545,667.0,0.711,0.792,0.991,0.92,0.00225,0.994,3
546,723.0,0.689,0.801,0.991,0.95,0.00215,0.998,5
547,708.0,0.761,0.779,0.988,0.883,0.00193,0.997,3
548,762.0,0.739,0.678,0.987,0.881,0.00189,0.993,6
549,975.0,0.849,0.652,0.988,0.819,0.00106,0.988,4
550,1170.0,0.727,0.69,0.983,0.761,0.00137,0.996,0
551,644.0,0.731,0.739,0.991,0.936,0.00223,0.998,3
552,1810.0,0.776,0.768,0.986,0.868,0.000721,0.991,1
553,1060.0,0.779,0.706,0.982,0.79,0.0013,0.997,0
554,991.0,0.773,0.801,0.992,0.88,0.00134,0.998,0
555,1020.0,0.67,0.812,0.982,0.834,0.00168,0.991,0
556,1090.0,0.788,0.725,0.985,0.862,0.00116,0.99,2
557,894.0,0.757,0.763,0.98,0.789,0.00164,0.997,0
558,758.0,0.651,0.758,0.992,0.929,0.00223,0.999,5
559,664.0,0.717,0.778,0.987,0.901,0.00227,0.998,3
560,1010.0,0.873,0.612,0.958,0.757,0.0009,0.958,4
561,1120.0,0.818,0.723,0.982,0.824,0.00104,0.988,2
562,900.0,0.848,0.697,0.99,0.832,0.00115,0.997,4
563,1260.0,0.748,0.697,0.981,0.635,0.00132,0.996,0
564,1050.0,0.778,0.745,0.988,0.846,0.00126,0.993,0
565,781.0,0.756,0.786,0.988,0.9,0.00176,0.997,6
566,706.0,0.758,0.708,0.989,0.906,0.00193,0.998,3
567,694.0,0.652,0.728,0.986,0.924,0.00243,0.997,3
568,664.0,0.491,0.765,0.992,0.97,0.00306,0.998,5
569,1770.0,0.774,0.738,0.985,0.865,0.000749,0.993,1
570,665.0,0.721,0.788,0.99,0.931,0.00221,0.997,3
571,694.0,0.74,0.706,0.989,0.915,0.00204,0.997,3
572,990.0,0.816,0.743,0.988,0.864,0.00117,0.993,2
573,638.0,0.74,0.729,0.989,0.924,0.00221,0.998,3
574,607.0,0.723,0.787,0.991,0.937,0.0024,0.998,3
575,881.0,0.877,0.744,0.989,0.813,0.00103,0.997,4
576,766.0,0.796,0.713,0.987,0.852,0.00163,0.995,6
577,583.0,0.716,0.779,0.992,0.945,0.00253,0.998,3
578,728.0,0.56,0.756,0.989,0.932,0.00264,0.999,5
579,738.0,0.574,0.765,0.99,0.943,0.00255,0.998,5
580,958.0,0.871,0.775,0.989,0.814,0.000975,0.997,4
581,690.0,0.343,0.789,0.99,0.956,0.00332,0.999,5
582,858.0,0.842,0.637,0.98,0.802,0.00124,0.982,4
583,1000.0,0.764,0.82,0.984,0.825,0.0014,0.993,0
584,1070.0,0.885,0.69,0.987,0.771,0.000827,0.995,4
585,692.0,0.769,0.755,0.992,0.92,0.00189,0.998,3
586,716.0,0.611,0.801,0.991,0.952,0.00249,0.999,5
587,714.0,0.73,0.724,0.988,0.917,0.00204,0.999,3
588,630.0,0.759,0.742,0.984,0.888,0.00217,0.995,3
589,1650.0,0.805,0.746,0.985,0.819,0.000744,0.989,1
590,685.0,0.549,0.777,0.99,0.958,0.00281,0.999,5
591,742.0,0.603,0.8,0.992,0.963,0.00241,0.999,5
592,874.0,0.889,0.794,0.986,0.778,0.000986,0.998,4
593,1480.0,0.702,0.759,0.99,0.885,0.00106,0.996,1
594,728.0,0.774,0.767,0.988,0.876,0.00182,0.999,3
595,782.0,0.588,0.756,0.991,0.951,0.00234,0.995,5
596,1070.0,0.693,0.733,0.983,0.82,0.00155,0.998,0
597,1030.0,0.814,0.79,0.987,0.845,0.00114,0.994,2
598,1010.0,0.782,0.703,0.987,0.864,0.00129,0.996,0
599,1070.0,0.832,0.802,0.99,0.86,0.00102,0.993,2
600,790.0,0.79,0.794,0.989,0.895,0.00157,0.996,6
601,859.0,0.808,0.818,0.985,0.865,0.00138,0.992,6
602,869.0,0.763,0.739,0.987,0.856,0.00158,0.996,6
603,810.0,0.76,0.741,0.989,0.893,0.00167,0.994,6
604,684.0,0.493,0.761,0.991,0.963,0.00297,0.998,5
605,627.0,0.798,0.729,0.988,0.879,0.00196,0.998,3
606,692.0,0.719,0.727,0.988,0.914,0.00215,0.997,3
607,748.0,0.496,0.78,0.993,0.971,0.0027,0.998,5
608,941.0,0.79,0.793,0.989,0.843,0.00136,0.994,0
609,786.0,0.766,0.762,0.991,0.904,0.00169,0.996,6
610,848.0,0.865,0.65,0.989,0.826,0.00112,0.992,4
611,919.0,0.896,0.822,0.99,0.767,0.000891,0.988,4
612,1600.0,0.798,0.786,0.987,0.841,0.000783,0.998,1
613,805.0,0.468,0.792,0.977,0.738,0.00294,0.995,5
614,619.0,0.699,0.729,0.988,0.928,0.00249,0.996,3
615,717.0,0.742,0.731,0.992,0.928,0.00196,0.999,3
616,996.0,0.825,0.685,0.981,0.858,0.00112,0.988,2
617,1130.0,0.799,0.803,0.984,0.869,0.00107,0.991,2
618,1080.0,0.773,0.733,0.979,0.804,0.00128,0.996,0
619,913.0,0.863,0.66,0.987,0.802,0.00107,0.993,4
620,605.0,0.762,0.821,0.99,0.905,0.00222,0.995,3
621,707.0,0.769,0.716,0.982,0.877,0.00189,0.995,3
622,638.0,0.794,0.82,0.983,0.852,0.00196,0.99,3
623,619.0,0.761,0.731,0.991,0.902,0.00217,0.993,3
624,767.0,0.616,0.784,0.989,0.934,0.00232,0.996,5
625,600.0,0.72,0.773,0.988,0.914,0.00246,0.993,3
626,1050.0,0.84,0.69,0.982,0.832,0.00101,0.987,2
627,758.0,0.734,0.753,0.989,0.908,0.00191,0.999,6
628,1020.0,0.718,0.747,0.974,0.675,0.00169,0.995,0
629,1210.0,0.74,0.71,0.984,0.782,0.00127,0.997,0
630,1160.0,0.844,0.778,0.981,0.821,0.000907,0.99,2
631,1100.0,0.757,0.719,0.981,0.753,0.00136,0.998,0
632,728.0,0.788,0.729,0.99,0.902,0.00172,0.998,3
633,894.0,0.879,0.805,0.985,0.796,0.001,0.989,4
634,1640.0,0.841,0.803,0.99,0.832,0.00065,0.996,1
635,749.0,0.592,0.8,0.99,0.952,0.00243,0.998,5
636,686.0,0.727,0.74,0.988,0.914,0.00214,0.999,3
637,787.0,0.731,0.698,0.989,0.899,0.00185,0.997,6
638,594.0,0.69,0.797,0.986,0.905,0.00266,0.995,3
639,639.0,0.476,0.769,0.992,0.971,0.00323,0.998,5
640,1110.0,0.835,0.676,0.981,0.827,0.000983,0.987,2
641,1100.0,0.802,0.762,0.982,0.731,0.0012,0.993,0
642,778.0,0.7,0.782,0.992,0.944,0.00197,0.999,5
643,913.0,0.872,0.707,0.988,0.803,0.00102,0.99,4
644,694.0,0.725,0.777,0.99,0.91,0.00211,0.995,3
645,762.0,0.785,0.721,0.99,0.896,0.00166,0.997,6
646,641.0,0.563,0.743,0.988,0.945,0.00296,0.996,3
647,626.0,0.748,0.797,0.984,0.88,0.00226,0.996,3
648,1040.0,0.757,0.735,0.987,0.845,0.00134,0.993,0
649,743.0,0.833,0.732,0.989,0.855,0.00147,0.997,3
650,680.0,0.701,0.722,0.989,0.925,0.00226,0.997,3
651,1030.0,0.871,0.679,0.983,0.761,0.000932,0.99,4
652,606.0,0.735,0.793,0.987,0.924,0.00236,0.998,3
653,921.0,0.87,0.741,0.99,0.819,0.00102,0.997,4
654,786.0,0.757,0.779,0.987,0.892,0.00174,0.997,6
655,725.0,0.637,0.762,0.993,0.969,0.00233,0.999,5
656,719.0,0.741,0.698,0.991,0.912,0.00197,0.997,3
657,758.0,0.592,0.772,0.994,0.975,0.00238,0.997,5
658,929.0,0.878,0.819,0.989,0.808,0.000971,0.993,4
659,838.0,0.889,0.802,0.99,0.784,0.00103,0.997,4
660,1030.0,0.83,0.657,0.99,0.837,0.0011,0.999,2
661,1140.0,0.749,0.791,0.983,0.793,0.0013,0.995,0
662,777.0,0.735,0.788,0.991,0.91,0.00185,0.997,6
663,1110.0,0.818,0.809,0.984,0.864,0.00103,0.992,2
664,1020.0,0.847,0.657,0.982,0.791,0.00103,0.984,4
665,1090.0,0.875,0.784,0.986,0.803,0.000837,0.986,4
666,745.0,0.746,0.808,0.989,0.9,0.00188,0.993,3
667,634.0,0.685,0.79,0.99,0.939,0.00248,0.996,3
668,1110.0,0.824,0.815,0.983,0.839,0.00101,0.987,2
669,843.0,0.77,0.722,0.991,0.888,0.00158,0.998,6
670,1160.0,0.792,0.827,0.991,0.879,0.00107,0.991,2
671,1090.0,0.813,0.738,0.99,0.831,0.00109,0.995,2
672,998.0,0.749,0.779,0.98,0.792,0.00149,0.995,0
673,658.0,0.695,0.79,0.987,0.913,0.00239,0.999,3
674,1110.0,0.722,0.788,0.977,0.75,0.00146,0.992,0
675,1160.0,0.848,0.785,0.984,0.812,0.000891,0.987,2
676,1020.0,0.678,0.739,0.979,0.827,0.00166,0.991,0
677,1100.0,0.807,0.819,0.984,0.88,0.00106,0.989,2
678,923.0,0.856,0.786,0.986,0.796,0.0011,0.992,4
679,538.0,0.702,0.812,0.989,0.935,0.00284,0.999,3
680,720.0,0.544,0.75,0.991,0.961,0.00268,0.999,5
681,929.0,0.819,0.716,0.983,0.814,0.00126,0.991,4
682,716.0,0.755,0.798,0.988,0.909,0.00191,0.997,3
683,585.0,0.713,0.755,0.986,0.906,0.00259,0.997,3
684,783.0,0.762,0.758,0.989,0.886,0.00174,0.997,6
685,789.0,0.542,0.758,0.984,0.898,0.00253,0.997,5
686,652.0,0.779,0.66,0.982,0.857,0.00199,0.986,3
687,568.0,0.749,0.729,0.989,0.926,0.00243,0.999,3
688,1080.0,0.818,0.774,0.993,0.87,0.00106,0.995,2
689,700.0,0.714,0.745,0.989,0.924,0.00214,0.998,3
690,1070.0,0.795,0.688,0.985,0.855,0.00117,0.991,2
691,823.0,0.723,0.777,0.99,0.914,0.0018,0.999,6
692,924.0,0.868,0.71,0.979,0.781,0.00103,0.981,4
693,744.0,0.648,0.759,0.993,0.96,0.00225,0.999,5
694,648.0,0.769,0.718,0.991,0.918,0.00202,0.997,3
695,888.0,0.84,0.644,0.991,0.856,0.00119,0.995,2
696,1150.0,0.813,0.809,0.992,0.874,0.00101,0.995,2
697,818.0,0.772,0.71,0.989,0.887,0.00161,0.995,6
698,970.0,0.848,0.643,0.947,0.771,0.00105,0.957,4
699,1090.0,0.825,0.775,0.964,0.813,0.00102,0.972,2
700,684.0,0.759,0.706,0.989,0.9,0.00199,0.998,3
701,564.0,0.722,0.772,0.987,0.9,0.00265,0.998,3
702,1170.0,0.832,0.785,0.992,0.83,0.000948,0.991,2
703,1140.0,0.811,0.78,0.988,0.835,0.00105,0.991,2
704,873.0,0.772,0.677,0.989,0.87,0.00152,0.992,6
705,979.0,0.89,0.779,0.989,0.769,0.000878,0.994,4
706,1200.0,0.825,0.732,0.99,0.842,0.000936,0.99,2
707,639.0,0.793,0.754,0.99,0.904,0.00192,0.998,3
708,756.0,0.706,0.693,0.992,0.937,0.002,0.996,6
709,1120.0,0.821,0.74,0.986,0.832,0.00103,0.991,2
710,645.0,0.783,0.794,0.989,0.889,0.00198,0.998,3
711,850.0,0.745,0.799,0.987,0.904,0.00165,0.995,6
712,718.0,0.751,0.725,0.99,0.917,0.00192,0.999,3
713,803.0,0.763,0.809,0.99,0.906,0.00167,0.996,6
714,743.0,0.629,0.739,0.991,0.946,0.00234,0.999,5
715,745.0,0.759,0.802,0.99,0.891,0.00183,0.996,3
716,724.0,0.719,0.814,0.99,0.937,0.00203,0.997,3
717,708.0,0.6,0.779,0.991,0.94,0.00256,0.998,5
718,760.0,0.751,0.789,0.989,0.907,0.00182,0.997,6
719,751.0,0.751,0.713,0.989,0.903,0.00184,0.995,3
720,623.0,0.76,0.761,0.982,0.853,0.00222,0.993,3
721,1160.0,0.833,0.711,0.987,0.807,0.000962,0.994,2
722,574.0,0.737,0.804,0.987,0.923,0.00248,0.997,3
723,730.0,0.767,0.777,0.989,0.892,0.00183,0.997,3
724,631.0,0.677,0.776,0.986,0.915,0.00257,0.997,3
725,754.0,0.758,0.796,0.991,0.912,0.0018,0.996,6
726,883.0,0.882,0.728,0.983,0.762,0.00103,0.994,4
727,799.0,0.848,0.615,0.987,0.812,0.00131,0.993,4
728,525.0,0.635,0.79,0.987,0.931,0.0033,0.998,3
729,654.0,0.776,0.823,0.99,0.908,0.00197,0.996,3
730,1620.0,0.826,0.755,0.979,0.838,0.000693,0.987,1
731,856.0,0.877,0.622,0.989,0.807,0.00106,0.992,4
732,1060.0,0.832,0.789,0.969,0.793,0.00105,0.979,2
733,1010.0,0.792,0.698,0.978,0.8,0.00129,0.996,0
734,739.0,0.746,0.7,0.986,0.884,0.00192,0.997,3
735,692.0,0.529,0.784,0.992,0.971,0.00282,0.999,5
736,791.0,0.776,0.707,0.984,0.856,0.00168,0.996,6
737,605.0,0.7,0.728,0.986,0.907,0.00258,0.997,3
738,833.0,0.792,0.702,0.985,0.859,0.00151,0.995,6
739,750.0,0.78,0.709,0.987,0.873,0.00173,0.997,3
740,655.0,0.736,0.756,0.987,0.911,0.00219,0.998,3
741,1040.0,0.772,0.708,0.98,0.78,0.00135,0.998,0
742,626.0,0.718,0.715,0.988,0.922,0.00237,0.996,3
743,1020.0,0.811,0.705,0.989,0.864,0.00115,0.994,2
744,1480.0,0.77,0.765,0.98,0.844,0.000918,0.993,1
745,1060.0,0.847,0.789,0.991,0.811,0.000989,0.995,2
746,651.0,0.768,0.785,0.989,0.905,0.00204,0.998,3
747,1120.0,0.828,0.739,0.976,0.821,0.000996,0.985,2
748,677.0,0.611,0.788,0.993,0.968,0.0026,0.997,5
749,866.0,0.833,0.775,0.991,0.85,0.00126,0.992,6
750,830.0,0.739,0.736,0.989,0.902,0.00172,0.996,6
751,738.0,0.703,0.727,0.992,0.939,0.00207,0.998,3
752,891.0,0.875,0.816,0.984,0.809,0.00102,0.994,4
753,830.0,0.762,0.782,0.99,0.895,0.00163,0.998,6
754,1070.0,0.843,0.768,0.992,0.841,0.000992,0.996,2
755,793.0,0.784,0.786,0.989,0.9,0.00159,0.996,6
756,734.0,0.807,0.748,0.988,0.875,0.00162,0.996,3
757,673.0,0.618,0.756,0.993,0.969,0.00259,0.999,5
758,769.0,0.603,0.776,0.992,0.958,0.00233,0.998,5
759,955.0,0.753,0.803,0.991,0.892,0.00145,0.997,0
760,683.0,0.719,0.803,0.993,0.944,0.00215,0.998,3
761,765.0,0.746,0.774,0.99,0.905,0.00184,0.997,6
762,603.0,0.652,0.745,0.986,0.937,0.00277,0.996,3
763,1120.0,0.823,0.758,0.989,0.841,0.00101,0.989,2
764,595.0,0.77,0.796,0.989,0.912,0.00221,0.997,3
765,806.0,0.789,0.809,0.992,0.897,0.00155,0.997,6
766,834.0,0.787,0.691,0.991,0.908,0.00149,0.996,6
767,679.0,0.702,0.757,0.989,0.919,0.00227,0.995,3
768,713.0,0.608,0.771,0.986,0.929,0.00253,0.996,3
769,681.0,0.741,0.738,0.99,0.918,0.00207,0.998,3
770,981.0,0.873,0.782,0.99,0.792,0.000957,0.998,4
771,905.0,0.877,0.812,0.991,0.8,0.00101,0.998,4
772,836.0,0.862,0.676,0.987,0.809,0.00116,0.988,4
773,957.0,0.695,0.763,0.986,0.832,0.00171,0.997,0
774,590.0,0.686,0.716,0.986,0.926,0.00268,0.995,3
775,1110.0,0.848,0.65,0.988,0.811,0.000944,0.991,2
776,804.0,0.736,0.807,0.991,0.916,0.00178,0.998,6
777,786.0,0.762,0.706,0.985,0.892,0.00172,0.996,6
778,965.0,0.876,0.809,0.992,0.812,0.00094,0.993,4
779,915.0,0.889,0.658,0.985,0.759,0.000949,0.993,4
780,1240.0,0.692,0.769,0.978,0.708,0.00143,0.993,0
781,696.0,0.736,0.721,0.988,0.915,0.00206,0.999,3
782,686.0,0.57,0.784,0.99,0.952,0.00274,0.999,5
783,992.0,0.803,0.677,0.983,0.856,0.00122,0.991,2
784,1140.0,0.773,0.823,0.98,0.791,0.00121,0.99,0
785,717.0,0.649,0.788,0.992,0.955,0.00233,0.998,5
786,807.0,0.766,0.762,0.99,0.884,0.00166,0.991,6
787,688.0,0.712,0.778,0.989,0.946,0.00216,0.998,3
788,684.0,0.78,0.685,0.991,0.905,0.00187,0.997,3
789,1480.0,0.736,0.755,0.975,0.843,0.000994,0.987,1
790,1090.0,0.819,0.758,0.987,0.841,0.00107,0.996,2
791,800.0,0.632,0.778,0.99,0.932,0.00217,0.999,5
792,750.0,0.732,0.796,0.99,0.908,0.00193,0.996,6
793,825.0,0.803,0.757,0.988,0.865,0.00147,0.996,6
794,860.0,0.758,0.691,0.982,0.874,0.0016,0.992,6
795,891.0,0.872,0.688,0.987,0.796,0.00105,0.993,4
796,688.0,0.54,0.757,0.986,0.928,0.00287,0.998,5
797,805.0,0.758,0.717,0.99,0.887,0.00171,0.998,6
798,1180.0,0.818,0.696,0.985,0.774,0.00103,0.998,0
799,741.0,0.591,0.779,0.991,0.945,0.00248,0.999,5
